{"assets/banner.png":["assets/banner.png"],"assets/brown_wooden_door.png":["assets/brown_wooden_door.png"],"assets/brown_wooden_door2.png":["assets/brown_wooden_door2.png"],"assets/brown_wooden_door3.png":["assets/brown_wooden_door3.png"],"assets/call.png":["assets/call.png"],"assets/close.png":["assets/close.png"],"assets/like.png":["assets/like.png"],"assets/logo.png":["assets/logo.png"],"assets/menu.png":["assets/menu.png"],"assets/peyk.png":["assets/peyk.png"],"assets/price.png":["assets/price.png"],"assets/store.png":["assets/store.png"],"web/assets/fonts/AnjomanMax-Black.ttf":["web/assets/fonts/AnjomanMax-Black.ttf"],"web/assets/fonts/AnjomanMax-Bold.ttf":["web/assets/fonts/AnjomanMax-Bold.ttf"],"web/assets/fonts/AnjomanMax-Light.ttf":["web/assets/fonts/AnjomanMax-Light.ttf"],"web/assets/fonts/AnjomanMax-Medium.ttf":["web/assets/fonts/AnjomanMax-Medium.ttf"],"web/assets/fonts/AnjomanMax-Regular.ttf":["web/assets/fonts/AnjomanMax-Regular.ttf"],"web/assets/fonts/AnjomanMax-SemiBold.ttf":["web/assets/fonts/AnjomanMax-SemiBold.ttf"]}